sensor_1,sensor_2,sensor_3,sensor_4,sensor_5,sensor_6,sensor_7,sensor_8,sensor_9,sensor_10
-1.8225859469659587,-5.3697168406600255,-7.383655994343403,-3.9139235619564907,2.15271448063045,4.774327204955423,3.2715532764079316,-3.560395995965706,6.599322516302215,7.40561338932042
0.4745202581214621,-1.2028167114902535,-1.9958824036963392,-4.404396795042767,-3.4657365941779483,3.807004795183185,5.56929376725189,-3.330397956386544,1.6815025162155495,0.8469002682142059
-2.823344482318184,-2.636083256756153,-6.092317146414729,-8.638015251210897,1.9389063213057014,5.939203138553883,4.807693585632937,-3.54276151856249,4.9568461058193165,3.2802282306526407
1.3023104416114386,-2.9674817982731048,-2.023547451612067,-4.989271251318728,-7.928401073790155,3.299665184145669,6.3437234606661335,-3.70888911457703,2.932324143080133,0.8863567640025664
1.8678947221044861,-4.5775345322777286,-3.200629780446609,-4.05576698575438,-3.139227294421887,3.3870813212983255,4.382650191667637,-2.1235650424728454,4.44129878080666,3.9148759997084057
2.8858061714544765,-5.707707921324361,-2.517391523484319,-2.646307931393754,-5.66885720491008,3.366005411367764,3.4230408653075437,-2.8564318092499725,2.077249632035373,5.156224355910979
0.31169505305868117,-6.411381432822981,-4.5025895937591445,-4.422927697177986,-2.7218915969148463,2.620423638670517,4.784451297392419,-2.064470312699185,7.425508960637764,5.43050936259276
3.322247946503055,-4.436560365522009,-1.7481434080113971,-3.904130816075274,-1.4939029278573221,2.313657793347779,4.783607905324223,0.42714952472433,3.528148760069805,2.844430782893901
2.3102887390201676,-0.6820938685972018,-1.5208968470053952,-4.069736437437603,-6.037136613246184,3.914792886320329,4.449976565887388,-4.75739614468281,-2.45312299408406,0.9952391127939317
0.11031630009078897,-4.7278038418149295,-4.226260599138259,-4.521915163598566,-3.0165791645534563,4.072621295858511,4.838153416539888,-3.034342317553951,5.084262533797963,4.151578472957701
0.49125682329028086,-3.31603299814521,-2.8988556696714762,-2.0338939461591257,-3.1823719972304993,2.879919983280169,5.151836547171361,-2.597032613537396,3.9019951282940366,2.8787169630527423
0.2823694178254705,-4.215610736971582,-4.1027445301473735,-5.670271823458263,-3.42123318432186,4.62469537608241,4.342417439031906,-3.319119704780752,3.5757977715022258,4.144305870676005
2.48942034465394,-2.932762530976645,-2.439587142445126,-3.8555323679498623,-0.14376435932478449,3.8801394395619906,3.7723160540310494,-1.398396819337691,0.02614563526633593,2.990370543835249
3.7442697512322547,-5.358161480825275,-1.4374433850283777,-1.8348487150511097,-8.06636678637953,3.223700664563968,4.21721143141914,-3.8866503234299437,1.5922411056035783,3.5901882082141516
5.451975743961239,-7.391311837089421,-0.3382092710200137,3.227560410665866,-4.711279630487805,0.18815728354408834,3.893355555928588,0.3294538468107737,4.06300823239771,5.735044760590034
-0.7233829294222247,0.6226988862608002,-3.42023287403331,-6.146077975403838,-1.7986271896121164,6.288291862936195,4.199089721490571,-5.8118981142421235,-1.893735384796387,1.196104796822893
-0.683290518197809,-7.8856657967111365,-7.521559781676795,-5.89713002283227,5.311920794736872,4.172120737710886,2.7652269517615453,-0.12935244713447389,8.045971832216544,8.561553267767605
1.689883991903342,-3.7336781363087104,-3.5480549928434852,-6.059391388247663,-1.311432567876776,4.272602942526664,3.6156191010459926,-1.977087054774649,1.6710862931643404,3.688924857643411
0.2196230301779334,-3.4223285311039144,-3.7396433368017057,-4.350020895731139,-3.476216797114441,4.1096803739477155,4.666008793854806,-3.69631576136978,3.9913978787257354,3.2707230430519014
1.096019339918138,-1.560116641648199,-1.8779703600875162,-6.100380355772119,-5.319927335847931,3.9678890570919987,5.583882320282493,-3.237539712191304,1.5975970721675612,0.461644246507819
4.8686122990219065,-4.315956907137785,0.9763045215144057,-1.0325829226007053,-9.404342437619244,1.1578106050810728,5.413334846152989,-1.1375933883154625,1.1307902765102713,1.216487758121802
1.266890137377488,-1.7502445075186717,-1.8616409027151726,-3.842476224941812,-4.062589469250221,3.2079886530801494,5.35184636733106,-3.5276753096120212,1.6602954890962887,1.2141081129197875
2.55369009585406,-5.0198376664581295,-2.5609339238618607,-0.6890578601062245,-3.6949298595083886,2.29129503944081,3.650490763309126,-2.04735828728491,2.6293435925450366,4.5973719783194245
-0.2920310513251131,-1.706586584879852,-3.707535008145094,-6.081113856367731,-0.41841111239207435,4.56066629700111,4.897141493591156,-3.067786253192129,2.735896969808918,1.7885341135984991
1.4432643128984934,-5.877643443555182,-3.617595003328908,-4.401961001413208,-3.6158291452885516,3.4677071364529897,4.8684607159607,-1.9186473272086313,5.160954479567939,4.026134536787507
1.0909092864913832,-3.5511940783698193,-2.791234267318198,-3.9476535044609693,-4.407249862832295,3.5568322525557265,4.654670113742298,-3.561409124050664,2.6203040469858387,3.301487727225237
3.4693725398071833,-6.131390588148872,-2.480381403632041,0.026606047230251395,-8.220601479924447,2.5965064264429856,3.6106767545573897,-4.099481048592282,1.8741412975541818,5.551043504702245
1.7491856711827358,-5.124890432683545,-3.602967911830982,-2.126103699139407,0.5941417241637554,2.863368314076159,2.9900009646859282,-0.8156597141296339,3.2659782499315115,5.38950051242628
0.6188494867599673,-3.2469756780697883,-4.264116522365393,-4.824884192406278,-0.5246431664607456,4.513185410866616,3.510776780525815,-2.586851066269142,1.5277675506074613,4.001106502178805
0.407938980995855,-0.8171495221026048,-3.9341619974846855,-5.670650085729006,0.5261184338599614,5.444589087827893,2.669338148845479,-3.842586611203401,-1.3307576930893854,3.0075655515185375
0.6390464775803297,-6.16785780966687,-3.8327068909592312,-2.70648872659115,-2.4207437411996375,2.6950209450296034,4.475249537148663,-1.3729404881825988,7.568917751342482,5.408779366322588
5.426046640088434,-5.070353582680783,0.20061183878490535,1.7946803989636766,-7.053620565429579,1.1595839460620958,3.1424886476222067,-1.7023436867164587,-0.2044868752041735,4.349002015163008
2.248042052889003,-4.4028454473978975,-2.851395425932661,-1.31947874184713,-0.5894868214577512,2.44474212631688,3.725168145115617,-1.0523739060257105,2.9180937084289833,4.094316600302916
1.578231899759318,-6.120871386568879,-2.609074185004917,-4.015824109862718,-3.6521642469518527,2.6237935684689164,5.1487012128601535,-0.41416062926779107,6.474479765664435,4.158340034582854
1.803519593417754,-3.320011650533774,-2.350253555595478,-3.474733305029028,-6.70002293379727,4.479178456961953,3.9350007413707746,-5.2891376037056315,-0.5113922007362544,3.322618586546112
4.182279505056391,-5.523414457100158,-2.4316660662907426,-0.5468667786211837,2.781049716592224,1.796277975496982,1.9736182157776707,1.1503252380015392,1.8833114284204715,6.25555781649151
2.5935714085000865,-2.033891055471063,-2.129978876776878,-6.385334391958217,0.9417872147142783,3.5786885003631492,3.7164154357703807,0.03572017743036321,0.2006945805077146,0.8551866893125601
-0.4732156892687121,-6.371962995542292,-5.700795502324122,-4.064128128104614,0.3136395609574054,3.3726819783836905,4.314579470618953,-1.3955518195629248,8.673694799326723,6.1505344833526205
0.6847771040556166,-0.45173267169854,-2.5011049028396344,-7.677055908741226,-2.0068495540207754,5.671163140293005,4.4692198643854555,-3.750840201972382,-1.2088166756140684,0.5139708503578178
4.965955508719358,-5.817392369590844,-0.7529073500194086,0.27202854141156346,-6.311159309961603,1.6625320704908984,3.49125409130042,-1.4931893945628048,1.3430425299725446,4.443919447222617
0.6033174371987263,-7.296489926617069,-5.879344040337931,-5.7195755769266166,-1.8018328773917325,5.078723793582792,2.3030296213440766,-3.4960040802959838,3.403878095268756,7.917511370323636
1.6299195308055618,-7.2086901676719535,-2.7719235084919736,-3.2661854536850123,-3.4429187420674277,1.5432696482772876,4.942267939101351,0.6330768191797818,8.059375014891355,4.191757713023047
4.101565013861278,-4.739237857635585,0.10690486654218921,-2.00836919249673,-5.964905839199134,1.0596135151972041,5.278544374036284,-0.17154293656090977,2.911962483057806,1.7197171657099766
1.7531060153560534,-1.7641596833350908,-1.8901081262745774,-5.074554438197795,-5.029987574269092,4.261896869649257,4.713411588883672,-3.3443491192538155,-0.4466671639898334,1.5261941743073033
-4.3729450462135775,-2.2764989930931616,-7.564302197531146,-10.100554959131516,-1.7328029892342038,7.8517753640838395,4.710552067747803,-7.444023204526472,3.8675505013244624,3.531690576084967
6.482592551980077,-9.069653092459635,0.04917830665986678,2.978858358406015,-6.314928830202318,-1.1876113480642296,4.431674974996176,2.1001559660212976,6.883613950399792,5.81390772889837
-2.1518154922797366,-1.4594121582505755,-5.93098029319443,-6.815838950131408,0.5223616544908217,5.360336032601628,4.423479464431571,-4.275345599247168,3.809851120178289,2.6000126132726042
1.5021160161506368,-5.21403954433907,-3.5540015880637914,-5.664955208945376,-2.8308013793717044,3.537090940064375,4.275818911610994,-1.8027709529317602,4.070376313674858,3.7632656161549733
2.178365704195566,-3.6521370195381477,-2.2348926442011776,-4.046662807951003,-1.6109115517402035,2.7969799783395177,3.924723833836849,-1.014899164476478,2.542262168820488,2.747488044144863
3.4761332052394733,-6.999332706068631,-2.427573280316472,-3.1408396338468787,-3.613804187483209,2.4993502206838576,3.9983197440803435,-0.1529682793135592,4.720652838036082,4.830553446540094
4.30883116893445,-7.886614063673456,-2.1426857552185337,2.831536803216523,-4.88237747034876,0.6814889969651159,3.361720248729241,-0.8073740550190841,4.788176608252762,7.119660123840586
-0.6418698249443727,-4.8568092941754335,-6.186897739627314,-5.064538267641524,-1.149096107315976,5.503955299255051,3.5988845031243524,-4.693306463973086,3.8840996100596423,6.366061875054253
2.2072694040564893,-4.55187450253211,-1.7286329869819153,-0.47073121440059373,-5.572711966061851,1.7261421459763648,5.1855891096476805,-2.191000023145078,4.436485794748154,3.4436868555100983
2.218375246745555,-4.498052104181571,-1.5288977239401549,-4.070328652474123,-2.607266556404488,2.0675030043096054,4.769520738183794,-0.45164206282316194,4.0047279270608485,2.410923315706641
1.9242459557463996,-4.226460096212032,-2.422140008565268,-2.3666085647001003,-6.564561231534909,2.8814506918276384,4.827179216173416,-4.17400606862493,2.935671646208399,3.9322439730698044
-0.5397860705455667,-1.5594743651945624,-5.166823435093779,-8.016252553172729,0.7709591142088393,6.03701491204501,3.61466807987119,-4.153910750378215,0.6030172329424734,3.3884990886744872
0.26994987462024755,-0.8871260017154694,-2.5088275475604265,-4.905674474028337,-3.4459212969309627,4.53446477131155,4.540162038453086,-4.111933175750746,0.2720497889848452,1.2523821737666854
4.927410820388457,-7.709785456308568,-1.372361902739501,0.8400571571092736,-5.178138147788685,1.393386553147748,3.0417386417167367,-0.6464449240259804,3.2413349314129443,6.314726339513402
0.8850339772667224,-6.163383830603547,-3.456273225471296,-2.238507786641674,-6.89219765106822,2.7436726199403454,5.454176788506434,-3.5481917184738414,6.6071058958628655,4.359752645196678
5.151962385333278,-4.137284770286898,0.3060982104129306,2.407730052920185,-10.33627446014219,1.1967390455122784,4.143249319107528,-4.152323791968686,-0.8767862513161352,3.326505849775903
-2.1412817162581526,-3.502243861995025,-5.790245181331602,-8.976332994376904,-1.5803021802102248,6.356344899162795,5.138845972056569,-4.510633467293198,4.717622037055488,3.806687524163591
-3.2677726816238595,-1.5395393010024434,-5.310616961549918,-7.916611887828965,-2.5362249866550477,5.539096970491072,6.161098836122269,-4.8800182606203215,5.932424336355961,1.6123813083574745
-1.442663577852234,-1.2754920606767282,-6.45970795623175,-6.833533168921828,5.341847234494876,5.7709890218912,2.636840469295427,-2.786616038928339,1.560605201051957,4.145022850279016
0.5216483038367672,-3.647559279598501,-3.9318964018988907,-2.6133157333820085,-2.616540391234305,3.780481710972201,3.8920050768975076,-3.8485836158858353,3.117092243592086,4.9738958645664875
1.9134022406974491,-0.14007822842511114,-0.5560300441626692,-3.8991818654910704,-5.291284428293729,3.344740663690151,5.71989233271868,-3.4743227932795135,-0.7841816064034739,-0.8735666724215219
1.8243498753783842,-6.919475870699118,-4.445206919123418,-2.597182313874417,-0.47859288761648255,2.945151151884199,3.12568845954078,-0.8132352568499757,5.342065673093594,6.643006432628628
2.970704735662259,-4.244536343936567,-3.217509814788068,-1.066347035920926,-1.215511460859914,3.0999984924586848,2.6190499544887227,-2.891078678986722,0.5751034440300017,4.960311497029699
3.2022620192309277,-5.147314259386333,-1.9028018970890574,-0.4290423487908883,-2.1140516401306972,1.4289414089246566,3.6583850678563676,-0.4813098885886273,3.7062868446323143,4.556979536692886
0.9034224291387258,-6.0426908848399785,-2.3921050773254695,-0.9818806085412359,-11.292092014877122,2.1423912777528393,6.517416793364619,-5.53658264893928,6.359699537614221,3.4335274548251284
2.29457227002174,-8.782983633082498,-3.768572477108481,-1.7802234006961681,-1.701684727779957,1.4710413279616574,3.5996012871578653,-0.012985315959679541,7.584252901058707,6.923312400300341
5.998824242943853,-6.361320426104662,0.4670966049749038,-0.10208224242940678,-3.334817628029896,0.7602684209987897,3.0999984144561044,1.6629331472194577,1.919526324124344,4.40712274238298
1.188494593580344,-5.860598429184112,-5.513387850503497,-4.394630037807598,0.18431411971007583,4.541063154672837,2.6571491899000206,-2.5818251406197534,3.7432074112790343,7.448043237486715
5.304325966794082,-4.077376405538889,-0.15035161742950642,-4.709934835819781,-1.4807980614961032,2.4590443890586977,3.1648865422776664,1.3462654675508603,-1.0446534511951282,2.4108387210931266
2.0239173513825284,-2.572182283241045,-2.6692709787745414,-4.8637963091671015,-0.29251672974180903,3.516548951892483,3.5484642517409983,-1.3240436026848852,0.8900313473255975,2.3555468401766637
0.9777358914804519,-5.07094311669345,-3.982295308456664,-5.653487073490108,-0.2047857202719019,3.431880542568431,3.7709388636582943,-1.0339674222578186,4.231176238679298,4.91559051556813
5.315910474557201,-5.003859663472841,0.8434756136182642,-0.7933582907351376,-6.697648230780165,1.0926158019599719,4.69875124703214,0.24137119658489747,2.443060467807948,2.6218510940389153
1.6518692313594543,-5.043529975842955,-2.5183622242047217,-0.1707685868616487,-10.34306413683149,3.1895971542764565,4.931944905828733,-6.081811290263355,2.2251493575848853,4.854840127953384
-1.7816486462001004,-4.335679466124567,-5.9872146247795515,-5.736291937791957,0.45902118401618225,4.636552228823815,5.055871461822377,-2.8953677084277407,6.780387291055833,4.944437681250028
0.6904462963166065,-5.433419217407052,-4.001236668954667,-3.092301681141655,-3.055302300717072,3.379597391742118,4.337295148645761,-3.4004886941719796,5.187609019330232,5.027617378684328
2.0755024694911475,-4.207823712132124,-2.294748261707876,-2.674917414290813,-1.21973928230847,2.7407178753568235,4.657859638940741,-0.363716722163936,3.730894243650849,3.3080729384152976
-0.15357155568032527,-4.846451249054705,-4.517737392857347,-4.483263000405957,-1.3739180019207056,3.570289877073048,4.886408634473045,-2.8838364845010056,5.651111971638367,4.139018933158457
6.238387411537686,-8.385854418196184,0.27080979992994386,4.0519632535794745,-6.207818738915901,-1.0703716502225422,3.537517506673098,0.8597354750552239,4.280210371982195,6.25330664635399
0.6615945677918068,-5.68722001679813,-4.579000432315785,-4.629677681222679,3.8796543224527476,2.8298506015400107,4.152163619370475,1.518195664929313,7.278958889327548,5.668169449013196
1.3986661326898193,-4.674057406254364,-4.112367740088194,-2.2232155418930324,-0.9364108119329455,4.111834300387139,2.856581729190167,-2.8164766019818543,2.1152267579592072,5.478854913495432
-0.20247537837778562,-2.584983354434884,-5.259859358169256,-7.7032450550628,1.4282694237293019,6.093400130089432,3.4612568623987263,-3.225704065249772,0.8796566872312049,4.564754908808407
5.503251235393839,-3.1158043117932395,-0.10769799566665078,-0.6295541451311113,-5.039672099501401,2.3145191505521137,3.2394251756156347,-1.8956179515727127,-2.5304660827856296,2.939602030630007
-2.9564648420793276,-3.0380418286581055,-6.4644446300903065,-11.215512909827035,3.7419805189099455,6.516618964932505,4.710711662005415,-1.7981955804341456,5.555518656924349,3.18107424437367
0.6118996922022729,-3.145940912901152,-3.015419552728436,-3.546526691673711,-4.76634640695158,3.485210569919011,5.181916732423742,-4.154523767631681,3.3794755474838127,2.874535909137878
-4.704979293865984,-3.491052510369125,-8.388104065705802,-7.697353996982528,-0.07144840998855873,6.703555988098508,4.6277975858903,-6.937239813463626,6.784675622813163,5.885353901291
1.0861239464912145,-3.7944054742761115,-3.2322576860368466,-5.010903944169575,-2.9584741582784124,3.7099849838323835,4.999672897427887,-1.9058754101342428,3.543197136940496,2.671302363211129
1.2281251632446328,-6.956387203965183,-4.120656980024739,-1.560432550675664,-3.3130439779331775,2.5554108451056887,4.278227823010139,-2.335690466498567,6.900646918768452,6.5034265483486635
0.4278529918605213,-2.324488187960321,-2.0220001017918294,-3.550028224244659,-6.617249996650471,3.2823288417659624,5.942323394987463,-4.144196751845344,3.3548460157050455,0.9613119806161219
-2.880595985952262,-2.789689400134179,-6.549741099094148,-5.976726813036735,-0.9565352101204219,6.392765763901055,4.264633971427867,-5.876329856590338,4.017822748348719,4.479207721230717
2.7330952168199625,-7.156150865365921,-2.0283104514340913,-1.1357036858170106,-4.266721697095214,1.8516593779309025,4.055614496591681,-0.94895043670088,6.184509186980091,5.746428186655391
2.649639640980219,-2.691783868147825,-1.6970579449854122,-0.011052109681416677,-10.048881470801405,3.5165364990758903,4.510234708550889,-6.8198200233829205,-1.265009559931177,3.000116204786438
1.805151409710993,-3.040528969099661,-3.2819625289738954,-3.8652108147286044,-0.26845329107371474,3.4343080872580387,3.619654645724172,-1.8950902088103063,1.6943047557419713,4.001433906367282
-3.117248784275173,-4.785360724973666,-7.539667611327972,-8.953621300409162,-0.3065526927971105,6.359319312263863,4.900454470449326,-4.833415537891183,7.152033920153671,4.936712252058017
5.986816074852154,-4.609250794042568,0.705061699633603,-0.4008970846374702,-6.468668010261901,0.8164643940316789,3.882911472371111,-0.06360398107866931,0.0409719905223386,2.7685090755716173
2.834053194239134,-7.092925417483985,-3.017721680604588,-1.4729351314877106,-4.6644969606206566,2.7265042419960666,3.653925824036098,-2.3313490056163695,4.930744729010699,6.07054769473064
2.7669354056036686,-9.754041009203915,-4.981683589249052,-0.921930135652067,3.3171592555971814,1.7353613326152044,1.6985632858657072,2.3097869796524595,7.959340262456264,9.819114495123765
2.589102468649251,-6.43669644146852,-3.4505991216230005,0.7653784480896066,-3.869163249765562,2.3192707386599314,3.6516502372660047,-2.9423389261375017,3.7973017320449816,6.533427940922434
2.3545114294938085,-3.52419827704949,-2.127069066125133,-3.92721440033145,-5.369931810577789,3.491672561676401,4.378403120293777,-3.2471792752196222,1.3701810109873571,2.754216505682968
4.402023859593154,-4.249046134424774,-0.41934458484459924,-0.7524872079099197,-4.8612069009427525,1.7844841103607778,4.011326159009764,-1.1686345355756966,0.9046809315332591,2.894035941749486
-3.771984423990386,-1.528837227422865,-6.164937242851521,-8.980520617826356,-1.1620783923669247,6.407046978235932,5.961189549745276,-6.041748757560055,5.484461553985077,1.7230398983792587
3.2359579332631414,-4.983804936723617,-2.529790845519868,-2.2400791755156853,-6.608038520335225,3.5732196872846416,3.4387251363783093,-3.8841461338356202,0.9809211707535499,5.091084407694909
4.436016009276669,-5.43332635974602,-0.27772281697694334,-0.8472350990188167,-4.638283623887093,0.6450489559020954,4.465014441644847,0.5607993579624807,3.647771534312418,3.021829445340562
2.512368204854222,-2.8346924830746745,-1.1312136799878978,-2.7421477116567026,-5.073369093576806,2.5506716184330194,5.544286657397739,-1.908140318059536,2.3674325160089986,1.6956483667977074
3.996073195779407,-4.9633961989077395,-1.6752833477604767,0.7427296346193839,-0.4590675810428049,1.134894023322537,3.164901898485717,0.5775946494960726,2.5897747092806007,4.378282429559356
2.960590468452294,-6.01344426596478,-3.254697288844613,-2.5382862300356344,-2.360418110608758,3.245127321637815,3.0963748405402773,-1.8391636256931585,1.7741981827518467,5.901417056764977
8.360930507152428,-5.769344078393513,2.2235040562776103,2.456309974655148,-8.201987530869596,-0.2557160597872379,3.176310878563611,0.48448267303719983,-1.3111871354794769,3.338179706960849
-0.8074291155716039,0.392738156599072,-4.184520682768834,-8.800394056691886,0.8559617641585922,6.380258264110395,4.033732122820575,-3.888765558191888,-0.7500103106664395,0.31079760776409515
0.48083019662752774,-5.43552323567723,-3.441840228349316,-2.6931073407615567,-0.6745053549387166,1.9534562012755865,5.529470188466025,0.20660652494918286,8.885228492105394,4.272008978016831
2.418450936087963,-3.8293372422507748,-2.1403436222162076,-2.650717928845154,-0.8361274545276751,1.9708493125051882,4.142431052163921,-0.36933346645483367,3.1460729424184946,2.8465952224692073
4.692838249134292,-4.66225742948071,0.6871343910930356,1.6109588447815677,-9.394963964386891,0.7810538436588736,5.243648305938012,-2.6201935849939177,2.086569665938058,2.524437762062424
1.4149672693942148,-1.9476820059740247,-1.0650556419539852,-1.9472642865417658,-10.755210385927802,3.37699375695037,5.899038291292991,-6.248899108507352,1.0939749598494453,1.1582718491766375
4.028792782150877,-6.632348048887386,-2.097925954888529,-0.229306818053423,-4.479932000190728,1.6440362535423376,3.504786487470377,-1.1268142768606086,3.1930125268769074,5.966479150624778
2.313352870014401,-2.98735553458047,-2.4968796921199625,-2.642338695098177,-3.0834190213288935,3.974561418238511,2.473570322867322,-4.396474984201895,-1.5872471698164157,3.9251710241127795
4.214558902516064,-2.351232363507049,0.38028347638328386,-0.7221810044515253,-6.386820755828386,1.5939258030615324,4.880570284340104,-2.1189669629013053,0.6196239721275628,1.3789196427301862
3.200200143458266,-4.49541493364232,-1.288759999549518,-2.4524858186556138,-5.303147535363403,2.9413678006112116,3.548915194585404,-2.7780034960272775,1.0667605747002114,3.7284981386459486
1.6041935186514373,-5.448183718477854,-3.0440397587664667,-2.0826394094485536,-9.569337816960333,3.7870911553119972,4.228039859877483,-5.839135192380691,2.9992461117717752,5.140076754684339
5.640730490264722,-4.273584739456582,0.9448815603122723,1.1801473296982417,-7.4319148654470135,0.7062308303541505,3.9568957478620628,-1.4103158114546264,0.3336920221159013,2.760619483824199
4.283252345554964,-5.209933962833296,-0.932986679698054,-0.08511704722142929,-5.143154684276175,1.0909339296785343,4.2277119127675995,-1.0507533534062299,2.58548524535148,3.748406092944598
6.488120912773453,-6.516454308673759,0.1305799831556657,1.8875758029910261,-2.2434042782786596,0.10253452659443668,2.8610470814978752,1.6082289384022732,2.0722342804981615,5.562952399720533
1.125917809770729,-7.394338332136448,-4.040691366154285,0.2308978251574212,-4.044174359409683,2.0488556683941366,4.134473829039341,-3.19877392943908,6.7101632790601835,7.537876605848376
2.3545225853049576,-3.722652313260114,-2.4385171331198228,-3.080871466579867,-4.596734497381733,3.579387009696564,4.272908788663643,-3.4080368751092287,1.4080183851816768,3.5956417701354817
5.819393855473176,-5.81534765851766,0.07324942879890792,3.316627582493698,-8.111277920051212,0.7673041160830255,3.6493756242306774,-2.234129879206146,0.9813132438336668,5.046599453117493
1.0834606159747313,-6.65311599748135,-3.1557106402619732,-5.665631194569691,-6.0718680082856835,2.9623476814034118,5.919195408882296,-2.1643761928075733,7.024058122209327,3.61276059292511
-0.20634370901656296,-6.998595968403495,-6.707548135025349,-3.1011720891008867,-1.7118522909501988,5.409639692085599,2.9183506788787703,-5.375510995583233,4.185751133074286,9.127448358909025
-0.8000841273951953,-5.467854007014968,-5.801043532115099,-3.9824807229213763,-1.1865116826123403,4.580780992804748,3.6824700855593715,-3.807300201783014,5.342443820746084,6.062317907154742
0.5496991625648204,-5.133362337281312,-4.295056982923446,-5.159908722779166,0.6529206896499802,4.073415341958415,3.6768413378169016,-1.2701424323778547,5.082390094965524,5.450584665363494
-4.172031046420333,-1.5915664065583586,-7.756583864235016,-13.045322410498237,6.938301799680607,7.380596851721209,4.210813203081382,-2.1608081212193584,5.016439264449546,2.6302311639270766
5.014748406136459,-6.288990574651402,-0.7028001616642641,-1.1423549984124155,-2.9028567574361586,0.5454638654246514,4.268164203457503,1.5909400266305131,3.466805981313867,3.792728366338416
2.453687674215222,-3.473754313201845,-2.3172762942387104,-3.53754015613754,-3.167520036353782,3.1236797496021675,3.9850156426646253,-2.0436205654085473,1.4638824169476274,3.0462959129581404
-0.5253902568376556,-0.812196790827037,-3.460092507940916,-10.011724415114415,-2.662599293356297,5.614193498825122,5.698043832057518,-3.2313619342011477,2.233523299258808,-0.25100261679208014
-0.5712958626897893,-2.692960009001123,-5.038027554388863,-7.311165605592275,1.474886486114505,5.429434959784898,3.6408282556966305,-2.823106733852099,2.7838981343617126,3.461138462874867
4.415375018409837,-4.947524901874917,-0.15854115271548977,0.6696962396469199,-5.283666579678112,0.8229382952794932,3.7536688583435414,-0.9940215476875945,1.6353188400537184,3.617732567291141
0.9454589014772713,-6.064553804217128,-5.278923541298045,-4.1110604274444045,-3.236961261452336,5.178222874751278,2.6298407553555543,-4.40817614733596,1.984129136887617,7.411808285835707
-0.6500369761961331,-3.6906232860129466,-5.729175726208581,-8.558094108892233,4.524331238999001,5.360049470399938,3.1537373759151803,-1.4537790507194424,3.9002135998960377,4.493861480461482
3.2338398269280124,-7.91470013200058,-2.376617886826499,1.0754772985910062,-5.027717670107089,1.3151937053755853,3.5909526365862297,-1.3181300268576823,6.205560061317246,6.852602377814276
4.652177678765478,-4.948750235065875,0.6905010675109933,0.3312102093788015,-11.709061321801542,1.8853876625482187,5.056704751885871,-4.277778537633187,0.30471721564123566,2.43568716193428
-1.3538571218423654,-0.552330467983701,-3.9215209451233366,-8.805597615389877,-0.16841118930585086,5.53380968879448,4.808516198072134,-3.3759271666245434,2.0073114581649913,0.6536751212862146
5.340322982252515,-4.6955041568889,0.2975431350497113,1.449856391055398,-4.063697243271796,1.6426848036905055,3.524017226923208,-0.5695542063374175,0.608405048142831,4.085917029980993
0.6362754708778657,-2.5575599014209383,-4.198638320202381,-6.681644619428269,0.42855063803460863,5.469441803218957,3.301187484643588,-2.948667377373888,0.9339539813201855,3.201804299564014
2.7396278289684055,-4.39931511348521,-1.4508185408199048,0.08613312950465757,-4.5027540521870595,1.8646677508843144,4.637952441814583,-1.6499333297961973,3.8185299523207603,3.4269829911213305
7.5832438665855335,-5.53149194909882,1.7594251826867007,3.9479914903240134,-8.490171523313052,0.33831385157963756,3.1707877153109494,-1.848239222660752,-1.3454808311756827,4.34091188947859
0.7433471099105461,-4.366447770275217,-3.1279636566546087,-4.723038032728841,-0.6945446391304197,2.8402150732122275,4.774522804290796,0.09314269265321462,5.70707670754552,3.9291956317270857
-3.0858841733658733,-2.5835387621605292,-8.061528655882142,-6.6419894808019375,4.353824726585196,6.061659939860877,3.4810371838706455,-4.24755742449614,5.146061848696793,5.273331825493704
1.4278069956700832,-2.186361240829609,-2.755358581455777,-4.790201532787658,-4.299998200876202,4.226676138993279,4.003044116539667,-4.03322440098873,-0.5210284128608167,3.166129652896417
0.5501857429229848,-4.262780716053995,-3.347972594628061,-4.4440316620110485,-2.1926662901300293,3.0876052974480457,4.526817916374396,-1.8095904013480981,4.519341809837011,3.5658905083470254
3.8237203696616664,-4.3602741688576465,-0.6797508434124124,-0.6464053887669243,-4.247118601856765,1.4194158838436604,4.568216460211141,-0.818477194779465,2.327027000285257,3.2203973577490586
-1.4081538935675373,-3.2283679215873025,2.42503214518271,-4.241302509410866,5.546631774867405,0.8688960605390533,5.474536715165416,-1.0590359112863814,7.397872285365546,-0.16224645028800488
0.13819532005673524,-3.7692663832557356,3.9753188488730022,-2.6642373226896114,-0.19628740942522777,1.1540698347659355,4.8219341249059475,-2.6824663339917114,4.800132586422858,-0.2154781378793314
0.3516235037450986,-5.288675988716744,4.329441134210721,1.0573007558933845,-2.7799809711921735,-0.7395235387185151,5.577636201679136,-3.2801739888632833,6.658890570096205,1.180287274645531
-0.8441695732949033,-2.091161856100406,3.1277088602010914,-4.262826247163381,0.6307772229839559,1.1669475718439313,5.0109269000032075,-3.39489873165988,3.304248285651951,-1.0652967450288398
1.5431936615783741,-2.542808162712407,6.7253072945613095,-1.1821712219751233,-1.1405321529775148,-1.5614835800047455,6.063337528663014,-0.7047398271502878,4.387123293886519,-2.6976165385045263
0.6994040076492842,0.0016618052520452342,5.474177622539765,-2.11741636248394,-0.7230611597625756,0.7654822258684266,5.321762280808533,-2.8854458393476197,1.462966814315004,-3.4296264992625325
-3.1801082594813286,-3.682649755203581,-0.020564594718765775,-7.9687694905011615,3.2304659226099623,3.6824500209898035,4.918645193402329,-4.043817715560243,5.918573287529761,1.2089482343959355
-1.9293795951871187,-2.5105241844735984,1.3745283064318299,-4.7939141827509815,6.595860237426689,1.8461546428423727,4.134510331088354,-1.8316566155987657,6.082215334688696,0.8032463418562079
1.4378074795813562,-0.3117340002302851,5.031350023340789,-3.8253518310530863,2.5754548175858614,0.9510031793350961,4.1464920725110614,-1.6942205079121249,-0.046140665303386785,-1.9672598526733773
0.5580409472817237,-2.345160832383363,3.202370964942225,-4.496140439392473,4.426169134184951,1.587794572197995,3.5316774332365695,-1.122028086943105,2.2606367197247206,0.4686791042005301
-4.950736519367326,-0.7581658203378513,0.10634909228171863,-8.083646813899602,0.7420704495324565,5.160015383725575,4.651755463111964,-7.97377399375817,3.005779960614176,-0.7818020552324594
0.7597231423560237,-3.5268586518097482,3.3117505314784985,-0.7980380544034145,3.1735987985432983,0.8009915489562623,3.822615503699204,-2.76248283157559,3.522867967751562,1.8266318281190874
1.7212369557190528,-1.0013244101323104,4.579300770194432,-4.064970141657354,3.161627134414254,1.0637342182596083,4.363221514286493,-1.4796365143221517,0.3545635710236947,-1.8163832899855483
1.936477020464829,-1.545094261991081,5.609402833051719,0.19957513491879658,-1.4405325254439636,-0.10566333115416811,4.759573718837758,-3.6049604600801977,0.8912597815133722,-1.1863572173321448
-1.4111217813845507,-0.7253094904229106,1.99564466615955,-4.676924315531126,4.0005850926537265,3.2753748265757503,4.079085621166373,-4.4700366284456035,0.42448459118687554,-0.38375498679021885
-0.39284164500611174,-2.317307058489427,2.9775241031620463,-4.709116004040194,-0.044815034362787054,1.9019131662098974,5.030946559519134,-4.039726333687258,2.8145478659466625,-0.45409309663561725
-6.177359809441367,0.5454419737768605,-1.282026271947967,-7.77592256998783,5.342298769347996,4.946595670538979,4.90695613418729,-7.066906374183739,4.501543388577766,-0.4806891502527854
3.2418606439293756,-4.797600958167814,4.9833428836652525,1.7320697700223118,0.9980396154280876,-0.9696473686958351,3.4422752433978747,-0.7191007451726037,3.7747191144228878,2.0928275118416613
-0.2034004318012455,-1.5558602916814792,3.3621067185101126,-3.079793148300682,7.228356252370753,0.8545850928782031,4.520115620488524,0.25499254862705645,5.44122495291975,-0.3000817444316435
-1.0928661360256169,-1.6748462629578142,2.6455031741783506,-4.850926097490028,0.8590635691311621,1.9504901664556331,5.513392627429968,-4.191771170061751,3.8212978438110037,-0.6754460917824094
-2.2575756082588603,-0.6749395981169306,0.8021437168465706,-4.973872324885452,1.6085557970214814,3.1233993649960237,4.385283844253035,-6.390110210685845,1.3024188703647879,-0.12734127475005524
-1.4706448678892499,-0.2573619769053996,2.308927909910771,-3.3386645524805565,0.3450308346677082,3.2176984740819194,4.50126835328011,-6.809918033165853,0.29705307556986965,-0.5505548866015474
2.339961251303611,-2.563686307284012,4.846011262844173,-1.3942614449841504,3.048016560092872,0.15893612215918018,3.326698071926342,-0.08636312664803905,2.0095983432799036,-0.6291735287779796
1.9396085125745657,-1.0361511664840475,4.441139331028244,-4.138664268622291,5.983733311966822,0.6093310576345203,3.739200883782584,0.8744463446232766,1.0198939040333017,-1.5049941130392863
0.8698598599842653,2.3211618726118197,5.495344761181749,-4.015251518120669,-1.9261740229719573,2.225767657667231,5.097608894877817,-5.768642733854229,-3.305515571666073,-5.038435236282531
1.2319781833560337,-1.8356228494470495,4.166869847008029,-3.7593757162461676,0.6341184375721288,1.8500263753414488,3.9062431819925965,-3.098716219391997,-0.042229624042313035,-0.7113294798060718
1.268325866155425,-1.3125410601832528,4.1773186672495255,-3.5575892498448622,4.913251902411157,1.3633754712854498,3.930565334009621,-1.195109007493097,0.6513142642404504,-0.5965362253919189
0.8131735320185872,-7.341347410204914,2.4009225279560584,-1.3904253817178023,-1.6312345215767137,0.9344918056300233,3.7534029155000517,-4.223059047586762,6.106087244200203,4.077744995020207
-0.7639950285162834,-1.5868319324210856,2.3955798002522983,-4.8434480701327915,5.96226319780582,1.6272777762488677,4.401692308953324,-1.1559590819953935,3.89709956706369,-0.11281903217045386
0.4702656722511424,-4.871888421199016,2.8406908236490738,-0.009024617574530769,2.0042419691115416,-0.05716915199144096,3.8354965843886277,-2.937435098490938,5.296726072757151,2.350448623974335
-2.7940372847564396,-0.41929236885846743,1.3924921309444316,-4.947816346155222,1.534267281607654,3.7597121311312867,4.45238577740575,-6.402558175000964,1.877406592921668,-0.153897334880983
-2.876133160859482,-2.502246792484557,0.6818691699558318,-3.5711301824269364,3.575148518156748,2.7615468081171564,4.2094558759991285,-4.864246611810438,5.219198798662701,1.351641082247039
-0.11959165374503351,-1.0672015944473592,4.221444689182803,-2.686765757838362,3.8355096679751304,0.19157906331703117,5.112878775921962,-1.6072188135528434,2.9887249327017162,-1.487856426441129
2.213457857635533,-2.6590986626051407,4.473927389208961,-1.114043575904295,2.3960571082912687,0.697799087423831,3.1624815581902026,-1.6276811844378187,1.551680631459882,0.3711740577982874
-2.610612891861778,-2.7594074171578056,-0.9770695804024815,-7.353451446940984,10.986102972139392,3.8686253129912815,2.9654528397218636,-1.6640504871748139,4.879266634159123,2.6058413916409906
4.458214667457408,-2.687223774083882,6.851194186188141,4.281733288569765,0.9793417072852162,-1.7628685677899414,3.1935987357478504,-1.3457542872934192,-0.8785583797391779,0.7777195684142703
-0.5369314556665941,0.16620658250582826,3.7936904824578788,-0.7221391934800003,-0.7341315209233558,1.9050953899241254,4.760608694502755,-5.874118784539679,0.2546651654251282,-1.306187333909108
0.2384868507221749,-3.564575617618466,2.213403612146872,-2.126467604169951,5.8455291362838215,1.2919482563840539,3.4967145242979756,-2.064873318742637,2.7079778954799827,1.8353850301471826
1.9918486557001223,-3.5059970718295843,5.040682084021274,0.3392572379602063,0.354036372476094,-0.0855439996311339,4.715595977155942,-1.8821959191017907,3.197792504085033,0.6889805237402469
1.2773131822441515,-4.723125654128683,3.359435797497596,0.2979488078212502,1.4145198984551837,-0.10878927331330118,3.7219120238053303,-1.6324651581980043,4.8691119886758845,1.9099631998115667
0.9421451528093369,-2.5103881953610196,4.128000463969127,-1.0437447596939902,2.4737584239722783,0.304482252854431,3.920520672809669,-2.536346683670215,2.5178487921012307,0.7864279299248937
2.9074466375009873,-6.65246915616914,3.5422665125930703,-3.282540556008056,6.883357664362644,-0.22353218661072838,3.3560983947003993,3.1480173465332144,5.974627301424601,2.4967960214643337
2.9340035605435983,-2.343000646631521,6.129199957034686,-1.6991611983415855,2.7323258542968007,-0.5177167741671092,4.289484399671187,0.6292299008954514,1.8948173894611255,-0.9909959142577413
0.05079214785883149,-3.413987855861259,2.4651799497101834,-0.37273050570372707,1.120416868572823,0.717755490787356,3.805362403881407,-3.6081405596751024,3.6368932757274535,2.303063710218374
-2.5937951161728345,-0.22311813178331463,0.6443279206323187,-8.766094037293886,5.318150248494724,4.5353018654650805,4.0496112025414694,-4.521054355888832,0.9998735232735156,-0.8274684411111848
0.6993683396849043,-0.0364522070706389,4.26010082841992,-2.4656751631828855,-1.9571089421308239,2.4740469302115913,4.239154683472783,-5.959040566646573,-1.832361001730355,-1.1208002955272693
3.869616958792301,-2.3192416138984133,5.859330273436156,0.8242690334817239,1.0445898589736935,-0.48359884145368304,3.312503704829173,-0.9656110063267822,0.432801964234478,-0.1365289963476033
6.079495584225547,-3.3300791506137943,7.3541324501794225,2.425026269853757,3.3135873182014017,-1.6505186107954752,2.3754358781215683,1.6468426431394838,-1.0080074894160724,0.4549125954374405
0.631131618161048,-2.8230661900369425,4.618758696370458,-1.592213139318898,-4.662286403907243,1.2699977595138254,5.358895161438074,-5.424720387885932,2.1313801395821037,-0.6438122107844277
0.14648948070994652,-2.3950788229276627,3.3523295080897095,-4.3893153823564015,2.792406381114517,1.1336612685465242,4.906721167256296,-1.477958390174405,4.383439237307725,-1.0982782124533825
0.22357508583419616,-4.152722757446201,2.4956142517108444,-1.6969467496043962,1.193766449882599,1.1198151465255577,3.598938711322803,-3.8821533215817956,4.018641051065472,2.085055866858774
-0.5383436244758343,0.2711619966868167,2.1828304280733644,-6.261715736809098,8.413852693712943,2.700739841069552,3.374754240376034,-1.819541644921394,0.33957771342496823,-1.1475501025476502
0.4406323506697273,-2.885947386202791,4.331137016115593,-0.872991976043045,-0.6261259714669094,-0.45815176076671427,5.64372582806587,-2.952387647380596,4.973431544511494,-0.8129152505043824
5.079566045532468,-5.317931970373335,6.519571933802199,3.3060060200759196,-1.159957965421528,-1.8026771139687363,3.7384249743835922,0.07963889962456076,1.987756178433712,1.3236273845214606
0.7380238564567229,-0.08191781351247451,3.7767101360413995,-3.1217099984224514,7.12553605709683,0.8883356680001436,3.746813442463768,-0.14677652624565596,1.5334230972202512,-1.5935926289618445
0.3117796188288191,-2.7560647069553346,2.7514971567098314,-0.9380391576492142,1.7132828058607767,1.6062055346157735,3.075319857503238,-4.25580641573474,1.383070180934268,1.2646619001645083
1.0820873796910513,-1.6715817811600637,4.390048428348329,-4.250938882682048,-0.13045197971437603,1.5581641123722327,4.476543730841112,-3.0832254581034757,1.0419484826831722,-1.0825117408731313
-2.614523616111776,-0.7208964560754682,0.6475653975130916,-5.073724081968372,3.885720305608206,3.430354632373721,3.669117666826601,-5.7377778336161525,1.5457756534553964,0.6937059935967328
3.2962069622859964,-0.8053227439802385,7.049975574141392,-1.0792264798964293,-1.3566006464839642,0.14704343257835167,4.976145908746092,-2.1739426373996684,-0.9325120726201938,-3.2520022087459943
-2.8231207383442714,-1.4067760816319457,1.3123685075359701,-3.8138301452116434,1.3235412961271193,2.647170512547683,5.380701427532123,-6.06991174998167,4.220863997103423,-0.26191443632545164
0.4990471575433697,-3.575925794564691,3.7754646784341865,-1.2837925917181594,2.562029776763222,-0.7940169809973798,5.1730363852859185,-0.7706686956072634,5.957786917393008,-0.2019419104447458
-3.557541828095183,-2.224424202754521,-0.2861611044544774,-6.683134493780033,10.809413625243122,3.180154330918746,3.623570420323333,-1.6764831371291746,5.5112487594754125,2.2309806911239267
3.8835624847617782,-2.401730789392588,6.583140085816659,1.200818556461856,-2.607329562129758,-0.12519628677064784,3.8854711039652026,-3.4615483819168245,-1.6127812272232465,-0.7796506483969518
-0.45952747044097,-3.943797597630018,1.7377007023395223,-3.1669984347904374,4.251470602103121,2.038137763888574,3.476861368453012,-2.864610996696981,2.3465461716639373,2.2560675934833507
2.525227819313435,-6.50059455391693,3.2189455856813947,0.37514003329071516,5.582610439137216,-0.5672760727248803,3.064119816658538,0.9683765653609877,5.862978612138387,3.82933909652733
0.33326293625544656,-3.441380025168643,2.6568640466754285,-3.3098642471538327,2.0192533065833245,1.8217970012840532,3.6772337125655836,-3.4445284615705587,2.625695532025283,1.6692501836859757
-1.333267483839519,-4.8983640235869625,0.34767358031903317,0.6660836342450196,2.3544614140904825,1.5133314276846552,3.4043716959307964,-5.001020696308074,6.30063693494202,4.411556084590751
-2.699722678481865,-0.5283487030400047,1.752497499182944,-4.435985745220969,4.694765420168018,2.5560679352239504,5.171532022251207,-3.945240623299194,4.105165351846911,-0.6760766003015848
1.2235980884019462,-6.265606806749743,2.9973318614463196,-0.007212955054144932,3.413908569236041,-0.17782979517821867,3.847312396152497,-1.0985345603673962,6.69773453142343,3.6199282235352173
3.1941075448432614,-5.021115572232181,5.759510591458788,1.936802928745089,0.7900251964484379,-1.8911762862895518,4.394848376479341,0.3578743981396834,5.7669817154382965,1.2501208337626697
-1.1965719790703482,-0.6100087140144344,3.027983195387036,-5.801410447714603,5.362023616210671,1.6227307722612958,4.573023388347699,-1.1812267219755561,3.261047853380444,-1.5948537304027557
-0.6549097791464837,1.5122332403967602,3.027222086362876,-5.644584545173448,1.770630918698231,3.8761132716602575,3.5153490299762735,-5.998812703196671,-3.391375881812266,-1.9636541446258136
1.811247337526089,-3.2939081665721814,4.266917740931318,1.7690598450497292,1.447408575364941,0.15404422828449127,3.526198342660037,-2.4335586998915693,2.6959682311674387,1.409911377605319
-1.2512651042452032,-1.1533269091243734,1.684537996086635,-5.789949177047191,6.550988331483484,2.909346177412832,3.4693599343727017,-2.7177860980020347,2.3984983420731103,-0.3421081075859689
-0.909116199728506,-3.2256974753623395,2.559408350731609,-1.9817113383145528,1.9871398536430838,1.280036970906818,4.576947949176304,-3.101909331650832,5.324473788589211,1.104831473004166
-0.3125178295276986,-2.5824655565987307,2.2190533519770503,-2.805468565163291,3.7956521187670855,1.889430659668003,3.4799925243179683,-3.5474174888381818,2.212449117640446,1.7306790117064308
-4.101610070710955,-1.4700335951279857,-1.3143818257021431,-7.212724885245675,7.3141508015704195,4.66376653543295,4.04289649570866,-4.559607557797433,5.064254081559617,1.0582323579727055
-5.8410365091200465,-3.466514394376808,-2.68864948025899,-6.6226799189230725,12.273707060258241,3.055558743808354,4.769997311852041,-1.6472924726453932,11.263829398156515,2.846699649711931
-2.854930186121446,-2.81045860395216,0.22031050247688555,-5.394638397387197,6.197412393101123,3.186805560234362,3.8574038367079932,-3.836673919008352,5.212737921208653,2.240386524453432
0.4737963712373904,-3.5442033072463768,3.341253850618378,-2.2152514651259354,3.14388690451814,0.6248744757174679,3.821043633025904,-1.838499397632493,4.014206058776725,1.0553848412605955
4.201023869260727,-4.234135899087509,6.3695848578263305,1.2954600787046797,-1.606228583901109,-1.2536857970350488,3.9512708792662252,-1.6236818321112707,1.569543836076352,-0.03888512985021904
-0.11105937666015873,-1.6103126122166194,3.3897688226949523,-0.1116099755831775,-0.7249861836564993,1.5952678175159694,4.321871950257745,-5.5637139266919045,2.1770435048781662,0.3504900271954468
-0.10652914100974478,-1.5000446297398295,3.088942370729088,-2.7872081872679852,3.1309703867457532,1.679423868998734,4.098447501381269,-3.299456660064042,1.886317375527521,-0.04902358304434884
2.084461145742533,-7.01171909559994,4.320285640674192,0.8782018607320043,-1.7677442317437257,-1.0962565414740901,4.419326802514977,-2.2993315136423846,5.629318345380035,2.897071454653836
-3.9397141457518807,-0.812650432681217,0.6189460708442056,-6.598540199754565,6.693807448336549,3.486796372633985,4.682015722059664,-3.764273291855694,5.416808625346105,-0.106792617500422
1.193311912352713,-2.3418922443611816,4.219553426777473,-0.16759021990910625,-3.568178139235192,1.2923239405384819,4.518361291151562,-5.527967290155413,0.8385080251738215,0.15269037926647777
-0.5442326121308799,-4.724225483261021,1.631251614861453,-4.963616710766987,5.399341499640813,1.3934386306763777,3.8642308568031494,-1.0302045710357952,5.868979981628154,1.2905690250831119
-2.8618291522237356,-3.3122552226546063,0.9263930917006884,-4.904752441579217,5.465445964508548,1.5871057055732463,4.931308315089563,-2.5059345325635585,7.343342214071161,1.1246875058998351
3.4599625421976983,-4.551456594000784,5.739377292174841,2.7685520572643267,4.4908346367127185,-2.4309345690061024,3.928992009639193,2.2889645784712105,5.894149983559948,0.6058270434001565
0.7482549455657386,-2.2163001899214807,2.6159046770645453,-4.008551010711729,6.536313852615641,1.9808777614462567,3.215478978241578,-1.4280477997403442,1.3118139542827933,0.23146603248723543
-1.758570171627792,-3.519214162048216,1.3175214497434535,-5.137075245315474,4.529034644234662,2.7236713701682196,4.195116789726099,-3.203129223692171,5.119599046308119,1.684275318840736
0.08058530313770221,0.26679900728754574,3.6076054736936634,-6.588328980294787,1.6689925326087889,3.5487316365809365,3.993040911318926,-4.254165803933673,-2.10772018061728,-2.121350516326805
-0.6894216823173016,-2.0453506626672553,2.253480293757114,-4.60978583912602,8.336190143231725,1.1452560747111633,3.937469086719515,-0.3489505846281647,4.496985011337241,0.006750426101152514
-0.1681410879690824,-2.010255627061229,4.24647601250327,-1.4962804622208514,-1.5479308082592316,1.1316107266766278,4.905000109427217,-4.428855286549467,3.0131224724748797,-0.6532467359441672
4.409409746684483,-3.119787211572128,6.499863188817296,1.2996518723959338,-1.498033620419567,-1.156453956264662,3.56846493236002,-2.0101992767539536,-0.14360047808586338,0.3284491411121945
-0.0608954745197765,-1.0597095680862263,3.646208645083056,-3.6696009101968365,2.934378814981937,1.5928719030032568,4.663793352587873,-2.749190110302268,2.096574002544773,-1.4030818563849659
-2.343247661544364,-1.8651480994989158,0.6304063607530663,-4.262630407945682,0.9334604886255863,3.971914892769472,3.344193176356147,-7.6595961514490485,0.7761865814939456,1.69632560510581
5.2894145184052075,-2.267956840610896,9.094674027530763,1.2570636662406856,-2.880136170243025,-1.640246600940825,5.015889842944479,-0.38174325312483115,-0.4012258286841474,-3.281625348881999
1.1682285344445398,-2.0657553251438214,2.8006904099903953,-4.211790536150736,5.730417416066132,2.0248977155429553,2.728492129018832,-1.8312623708974864,0.8566049833841635,1.2596209882149418
4.753812533443484,-1.1233429461744402,7.839092908554357,-0.8470536221593615,-2.098080588581015,-0.6024224197032032,4.455590664392638,-0.9130058167245125,-2.0495109633794546,-2.6439025487203844
-1.3026943000319868,-2.360880541423302,2.2230945617317235,-4.336933916347061,1.2105968661289068,2.29440297312096,4.81172294784284,-4.441170972408689,3.3365036230886718,-0.41375072139540864
-3.4160415567087217,1.6971328785673632,1.295460467795813,-8.408229432958445,4.372255868728575,5.169683499157986,4.785559815368362,-5.780251769014967,-0.28034888560837334,-2.7814046988111985
2.3172597286327132,-4.050081485439586,5.847513046673674,-0.912650287023306,-3.2967774241078938,-0.7258725940174796,5.775466351862739,-1.7640710811458393,4.0165361221209475,-1.3500537415761351
3.542922077340901,-6.964458013577311,3.9323476847542196,2.0467845057176106,2.7467840432730553,-1.6466865764881529,3.321179727250405,0.6838935106377336,5.686317401109237,3.646256349371492
-0.8698925156841206,-2.810867669853597,2.3932185597077713,-3.107679836397414,2.407566114563731,1.7018232468083678,4.386434779472002,-3.8968622282970045,3.236486137130071,0.5517756332612783
-1.8699175139775293,-4.333250027445131,0.7588107135913607,-2.85071609460958,3.605641895548694,1.5092548874133787,4.528488131537974,-3.490911457620054,7.021264888999303,2.323548209365923
1.9432926530092216,-3.1114152751084583,3.7824257674489856,3.0622591960952517,5.652417715913728,-1.6038353650598383,3.9051185719410886,-0.49749810685191137,4.188928208224704,1.649399426853733
-0.15283525452603075,-3.6252477275484383,2.4217907591253587,-2.3836234958320484,3.447094829379641,0.9713260193953202,4.006190968637028,-2.304060932238002,4.593556792643227,1.3891586493848436
-0.8143985640639044,-4.30626624718878,1.6430914104525296,-3.6436432069356885,0.4933603500987583,2.5497982194497437,3.922315137606641,-5.3984454672105455,3.552474000915849,1.9381900567620458
-3.0267362471246524,-0.571983945867398,0.6333664019254763,-8.452787706981956,9.70755860431052,3.816470603162566,4.523954630934092,-1.6892050244778598,3.422715994407798,-1.0489131095900865
0.21610101835781384,-4.603153740075408,2.5506365216644915,-2.9686120104575244,4.467743055729938,0.5831310243029123,3.9839589273307063,-0.5363130354921191,6.026344063884342,1.7312541210208503
-0.21134308232200236,-5.180536551582736,2.760473242387869,-0.2045489333418702,1.8027949755895207,0.10533040675004268,4.383758530546165,-1.8126188441471107,7.014250010457387,2.1670727505618617
-0.062211250375306754,-2.4320575524955097,2.686876846025166,-4.214879405440257,5.102035731189468,1.859410458717495,3.806827609877516,-1.3527626811082352,3.300079947837108,0.35082138804781543
-0.9493115552781906,-3.186373309296674,3.1479976130368352,-1.785567262872204,0.9269675847614695,0.07810372471601489,5.93533980130492,-2.5700457307027156,7.553145545923472,-0.6643642790167122
0.33797092973629045,-0.36262334161435505,3.7226839637061824,-3.106621436916456,1.8255429554615183,2.2540873411326423,3.8520907893377894,-3.783381308724614,-0.5350484999011094,-1.300389983105732
-6.490850737462064,2.9355763421658234,-1.0221575071159983,-11.504935944478847,3.836839752067127,6.871044871089112,5.640036322319188,-8.982151391660699,0.6545742652303895,-2.8452316066484378
2.8130115705958394,-4.76535665171142,4.93918956201806,3.1486310442022183,-0.47065950308492055,-0.6597234907298707,3.4343662888560416,-2.7926879503377564,2.1963497301544224,2.401050539845773
0.4855656467290364,-2.7657517495361907,2.3603417126600874,-4.768487233224265,9.990798898335981,0.7791666524354622,3.4586417999029955,1.190732534373527,4.037822469927072,1.0663045270524631
0.608724039052011,-2.4886875966401787,2.5847339750066274,-4.9107560691835594,6.364251660338283,1.7239951631319115,3.8821776433387187,-0.08590278447057442,2.616195522708132,0.44554371253640856
3.3769541554067635,-2.491077283901503,5.686924291841837,0.9374445865289902,-3.017939477186224,0.40727859799213595,4.20712475702037,-3.3811729601673592,-1.3575419181354431,-0.44907508989790024
-0.4395225466657432,-0.3431182533469257,3.561363190524452,-2.586464623054553,0.3748438811559237,1.7024457392802697,4.502290061998703,-4.526567649434559,1.0237711882608513,-1.3622816454410727
-3.701114663663127,-2.312587201621619,-1.625535114550074,-8.617901647131262,8.950215401435225,4.72375364295186,3.301321152712461,-3.4003175009110573,4.149975628628796,2.2737117689800823
2.7811838608376487,-0.5448111743553928,5.734741946760932,-2.389684579955748,2.563583432022799,1.0693224229479772,3.3250532446078793,-1.8786190815481891,-2.996037158730262,-1.3363705944563362
0.16992580752185238,-1.8222225612178944,3.176485304672092,-2.867152578024196,2.45748258995236,2.2663007741241064,3.9320844999327624,-4.394916975154949,1.1245268737007095,0.05583407746869215
2.791714708112891,-5.598106754866926,4.656298563488261,-0.5754721169603563,-2.295549962232387,0.054305226364659176,3.7698091196523897,-2.027209993905936,3.830051223331411,2.048368916845383
-3.2358242790202105,0.06279280994170237,2.5988962952148498,-8.335695591098661,-0.927311341383113,3.3250689696661824,6.363997752651359,-6.185844313513823,3.6551676530425508,-3.6025577169208103
2.7357327893395516,-4.5341913236263265,5.445955046693769,-2.516298813134647,-0.270835664014707,-0.23381820742403736,4.718029314630425,-0.8721238303811126,2.534413579031031,0.37137502377945786
-0.2608324934171892,-2.5657368528466207,3.811598507825916,-3.786699817615634,-1.1106102886972506,1.2733533571468378,5.319675001288935,-3.323602483467582,4.1259454903272035,-1.539228913374119
0.2431948412001626,-2.330432609555,4.748503118281739,-2.277492934382253,-4.048573837818899,1.0185684269848434,5.808071190562259,-4.831114268671049,2.501628653995427,-1.6270008993792182
0.8889622824377093,-1.2242082131508776,5.389746688157018,-6.962595738415408,1.0876003657477904,1.6240133376965922,5.655919872086222,-1.2582114092382026,2.2500188424794025,-3.281205620588459
1.2408319931507117,-0.028176911120867842,5.3710742464733245,-0.976663657577953,-0.3487330798446942,0.5841383004721503,4.684458526060453,-3.3913947162069658,0.20965134307472869,-2.1931012001531363
-0.006051135402708546,-1.5791528273186342,4.10249174150688,-4.077283889970538,6.307604899034236,-0.3107163971439257,5.495170622596797,1.4969068154850846,5.710955649365856,-2.3420160673877284
-3.421311216756906,-0.13940939133589933,1.0812679306738884,-6.008533206620709,6.014637571075831,3.263732164454865,4.599694006912846,-4.748352336497028,3.1533952685657884,-0.96859052364268
2.5084938280944202,-1.498006240089602,5.662083689986867,-0.8301176609080575,-1.0258336752999124,0.685310992091562,4.091825103177349,-2.998033863598977,-1.0600653179351787,-1.2529893885805596
-0.2667748035584808,-1.170423314174326,3.8163227543889424,-3.6321364257867064,1.8954086227312605,0.6026990056806226,5.755064672573967,-1.6835801817677356,4.789279146362453,-2.054127590717894
-1.6170151031912428,-3.5195636275422824,2.6095694697704914,-2.787528840639152,1.6789908604253296,0.4944828668341942,5.774964170586548,-2.6705849447266434,7.827843585890985,-0.015175093412759522
-5.074128829756869,-2.3761338443759037,-2.134650937056835,-5.811826830411812,6.967733608728336,4.471742059256406,3.7790226644217806,-6.831053863221117,5.182090377163116,2.8692327714097363
-1.6766393708227527,-4.947742179735019,1.5128176324878828,-6.097298142004359,5.3701966819516125,1.5848335880168893,5.093109982770972,-0.41110950776565497,8.692648523620496,1.595929323149232
-0.8837029434372548,-4.0362400271985095,1.0645748658029612,-1.8194403694841197,5.927117994910613,1.7825929801022316,2.414618555635386,-3.1056913247249915,3.411420214070798,3.8927447818953453
-0.8003705874653685,-0.7703717052606667,1.6175476697993911,-5.27564513169188,5.352058882916934,2.8575222059387055,3.245790962468972,-3.7121676308098897,-0.19582064014389733,-0.10929978248103356
2.281586878762754,-6.3257117609712346,3.1030853513157703,-0.9071812890410939,4.561508624534411,-0.40504772830621255,3.2937694636185504,0.9042235865338509,5.362282590465679,3.020084650823411
-1.8534191533152944,-0.4281655586663277,2.279427783307263,-3.9782732376199714,1.8532261896417002,3.252372645828723,4.09927773053753,-6.029067161692904,0.7961703053168498,0.20195750041513127
1.4915127501976049,-4.74254286512389,2.9753398501384973,-1.1004421984391126,3.6443159484166276,0.15740874016543893,3.302415468661449,-1.50339216374437,4.075460472841794,2.569446996529708
-1.2177193835083222,-2.044661571778996,2.0504145434209033,-4.418245990037847,7.8410617531741895,1.9012304436995406,3.8565357284694204,-1.4042000926885942,3.9891379055660905,0.744581937647114
0.5638128363059653,-2.7211943944757673,3.57358857800974,-2.9570821498694593,2.2787062692347595,0.9618194572374856,4.62613577054332,-1.9710986611469326,3.176434088697538,0.1521545402466254
0.7930438759837578,-4.492859790090503,3.54569449681555,-1.6520431193829914,4.33178440355079,-0.15366375582249409,4.011754598057225,-0.4774266081905999,4.9016668832046815,1.017605014601918
-0.43903833761985145,0.34796414977507545,3.228514692983913,-5.96187505586967,5.425392280825318,2.228866088575037,4.427069761292019,-1.5167582291410417,1.3357268617240086,-2.3002579582452953
1.9966634013930256,-4.4113516908428965,4.765533549588773,-2.156791549524272,0.9722117995583344,-0.21741897728077542,4.6365577005446434,0.13667067130472604,4.365552373325743,-0.13889810192505417
-4.256238504154819,-2.292182486742825,-0.007587361971696099,-2.7588669038818034,6.891007633572542,2.202445975944549,5.231810054071572,-3.766503013362712,7.876889315123747,1.851905312510863
-2.7256557563985964,-4.631498212984719,-1.1492840979577725,-4.774848959234526,7.672771378799998,3.6185727607950056,2.937332507586954,-3.5039896464263345,5.310523242803106,4.817365314874474
-5.600335784815401,-0.8492164525721334,-2.4474226866031974,-2.4896567333002597,-1.5825652993847903,-2.285225680131582,-0.14602937462387314,-1.139941043228612,3.1032996966257897,0.47321165486830996
0.08420680933122587,-1.9720031097512347,3.147857941895594,2.039475347739268,-10.950405399017905,-5.892040851521577,0.5501321239945766,0.3817612900377564,0.24508864090184695,-1.5478807819256908
-0.7378125559974466,-3.170777867759128,1.9056986075094293,3.4142743512941975,-3.8499731170733056,-6.443228665111039,-0.4751446813487396,3.2360937993188914,3.5257605141356048,0.45789615356623764
-1.7047131362519927,-3.7731317880883264,-0.404396465610531,4.159463283315831,-6.005941150905846,-4.427776215674836,-1.4973429720125524,-1.1452366158133351,1.0553460283489793,3.0492559179135146
-3.373433734601736,1.257608520892851,0.6497604007090457,0.6719145463116054,-4.234532262150161,-3.1625710707329078,-0.8441851265997962,-1.0050599912417102,-1.9442484408487826,-1.494165964938234
-1.791928738838017,-7.829694735473989,-1.3682809206809523,0.8481592747202252,-1.5593626404401901,-5.259931395735278,-1.763597350909512,3.289912652570221,6.557291360768133,5.7034711163257805
1.3202748447021084,-5.539014679267731,2.404399009018944,4.4132007942376985,-2.682657463026562,-7.680905548568472,-1.22219186824619,6.362426519036191,3.235608777699348,2.0875580844103396
-4.134061059276575,-3.408119273540416,-1.3263696390889628,1.8066460017412238,-7.437870391262349,-3.615648440946507,-0.4147295473165282,-2.0803574866483876,3.450926516770121,2.1089817069880077
-2.461310054601004,-4.385121972222153,0.16541902782350493,0.03566457108365795,-3.548611597338196,-4.814953013611321,-0.08260371678754559,2.664683743697893,4.85642029018728,0.922828280938538
-8.061434626251856,-1.089819734332828,-4.410845411307797,-3.9569799068181313,3.1183770903302093,-1.692029734643992,-0.3302736210287131,0.3794829052635975,5.640464221284461,1.7605347439725876
-3.661451140017334,-4.225779697335135,-0.983642642638101,0.37116090555672576,-0.029647949645290828,-5.5636383905526685,0.3859857484079744,4.800051963336831,8.332359205323552,1.3742244052504045
-2.2748875500372163,-2.2834698085887037,1.453725081751537,0.8254957166313557,-5.735404873477028,-5.131278392867686,0.3611098460118522,2.1267143307873293,3.832608558586207,-0.6838273029867081
-5.7864991937944215,-2.433811879312949,-2.5775147959736753,-1.410896341664708,-2.682362663316041,-2.485902308243584,-0.15367385807243172,-0.6392444201009576,4.651237530515088,1.316562580261399
-3.4853805886026166,-3.503544085238648,-0.29643182147927033,-0.5495142157432257,-3.8273746656528878,-4.5192937880259505,0.4846806618170222,2.183545316346919,5.944614003661453,0.7493774000632125
-2.7853785139470215,0.4218888893509849,1.3272073696860203,-0.8792919380888409,-1.416900207537515,-4.767745138091032,0.7586297128742426,3.3550128484215094,2.630160617465004,-2.8921053979210978
-3.6541387571980204,-1.9324970634218397,-0.6511481625151861,-1.1561411734457208,-1.791685902815853,-4.337911672761732,-0.08342874317546416,2.8899926728928276,3.8029560072397173,-0.36433535471066114
-0.9273026179872871,0.3409937922254699,2.257571375123813,2.3137281686448934,-5.452709180332313,-4.550878954051511,-0.7801601927149172,0.8902182218881358,-2.8019199090092206,-1.195610243600245
-2.3894392104313855,-0.9734394083762262,0.5314044730334839,-2.1233075857757875,0.6881574509556007,-4.243343483094297,-0.7746782945600322,3.975923680363536,1.8480205117649038,-0.7546149798281543
-0.8900453754436894,-1.2084330513873964,0.5465970483821884,-0.2396439954733886,-0.595182344917627,-3.6119913544034428,-2.41124519504911,2.7090645764042054,-1.7341085974044517,1.2934942600914687
-5.233531580815803,-3.956183883009642,-3.677829240492638,-2.1275779250799665,3.873361294161246,-2.584711963145714,-1.5433223743425326,2.6612767130507513,5.763776458812039,4.220045467639833
-1.9468237688089447,0.24911856684212413,2.5217558098431256,1.4165452551423499,-6.472473967414876,-4.9899102704875,0.7791183575447046,1.0262491792103485,0.42199614187264084,-3.1742963168010854
-2.3480758145421974,-3.4421874256389864,0.9026456590416778,2.579752501641757,-0.8458781559581947,-6.29879235014032,-0.24840951645685402,4.660076388406526,5.850561003981424,1.1530589492284549
-7.030071163358088,-0.759173765268337,-3.579536470801168,-3.1217963096396173,2.375718020124246,-1.2669249411860837,-1.2409910641956887,-0.5593134282600623,2.6695571716818973,2.1239731507049573
-6.976275502565196,-3.8197874723533136,-3.7025617123744534,-3.2225266779030357,-0.5978453715621479,-2.4205781674826485,0.2652107575170492,0.3284928647724721,8.248707676273854,2.354511803777393
-3.9326178962180043,-1.3599309271247697,0.18804985030680205,-3.1379721531361113,-2.6599562291278955,-4.575020083103625,1.5301088396443339,3.223186303162261,5.59165522022627,-2.0426579667016984
-0.8094239432080593,-4.916522819464993,0.1826582955159366,3.609843854321778,3.274457572640644,-6.40095979553483,-2.0816288993401657,6.18102660284037,4.775353009124506,3.7022730463570683
0.29575470205518367,-5.774661449899512,1.9303426784846094,6.2563806947612335,-3.3197187356589386,-7.963782729422928,-0.8557378911903267,4.77914510754643,5.561304304389515,2.8248637360514217
-1.4074903357463566,-2.2701758931738936,1.8996046675248806,1.221792508305656,-7.348015319555087,-5.254871413277589,0.17762488365221457,1.0636184663941355,1.4523321305837695,-0.41107902908609756
-0.005191087927146731,-4.974467004579365,2.751961967918902,6.857894273178429,-5.111728156670734,-8.109551573600548,-0.38230028270566907,4.39833927957688,5.009584216708834,1.9453816613779704
-1.7723964191955444,-3.3059316762157014,0.4170818582466368,2.0961035749089456,0.8058851719617457,-6.090509163803795,-0.8152335446648269,5.917316083022643,5.468167990649145,1.1337121699996682
-1.270880808551279,-3.8330982061187546,2.5230674703981557,3.3802482967927756,-6.599402904591712,-7.124602478280179,1.076427885288176,3.977482984309942,6.130970459867221,0.10996388004297275
-2.9061803269029025,-3.401568204894479,-0.054777351921984074,3.3369552244515224,-8.690283740469296,-4.519281111865045,-0.19143046022063673,-1.0315742566288597,3.6116379117695283,1.740339959020952
-3.931564870934531,-3.9529557782541636,-1.18501464173987,0.6183626402540918,-2.250431744760638,-5.227574367651619,0.15115686797740124,2.591371646326531,7.062169105285451,1.7642793724080807
2.743776448737824,-7.775308302156153,3.779398682345395,6.8971295819777705,-6.638028503200446,-9.11662375000102,-0.8627597391792344,6.139267059851914,4.562018126620551,3.318787571873458
-0.2923129429185276,-4.6829295642421735,2.685955221710347,5.778648860494931,-8.417755749854896,-7.750800264884805,0.7252484679372405,2.4866078351513536,4.820500693286955,0.7403724663648471
-2.9513861424221455,-5.207347328862023,-0.6715956361507924,2.0779759140506218,-3.627983463572445,-5.6686493090326975,-0.4196980133364109,2.736900604429541,6.891748340539273,2.884214757738332
-7.448207629050486,-0.4758674590611299,-3.577425663108774,-5.035565112294784,0.743962287664687,-1.7704273349460247,0.07409492102104841,0.022359826896546947,4.749411197821617,0.2662772806986443
-4.817285775053189,-4.297165216071762,-2.763217468153734,-1.7706532673214217,1.3183630401804158,-3.1323523761648557,-1.0479457836791513,2.750325907272454,6.347010324242672,3.5030299176401036
-3.9570428743070116,-5.1992432767856975,-1.7715651039117781,-0.9237973424451229,-4.400708477904206,-4.178490288109978,0.17623213687022826,1.5253920719273482,6.547057548878323,2.587358755017977
-3.77514900382233,-4.39160267679811,-0.4766050622185553,1.6637016077121665,-4.962899544807776,-5.104820461293585,0.7050926527604173,1.4636541659717837,7.29962882248222,1.9662419887943932
-3.965290356583585,-0.5531125764928968,-0.8796975867485097,-1.402248619931823,0.6453940064963876,-3.0774653539870886,-0.47864822274150126,1.6808786022055042,2.0272750309245247,0.2661961164767903
-3.543518626578673,-2.845598717263226,0.15952613021217704,0.2131857393645642,-9.149493815201541,-4.699878619581111,1.2259930525942786,-0.6169751802913165,4.644060316003368,-0.07089087730156418
-3.44677259090793,-5.5653497551991595,-0.9305203651548293,1.4131615329787772,-5.779423309423699,-5.3320423741136285,-0.009331609869780488,1.775561761607891,7.1286497120560774,2.762184978790368
2.2839647325067003,-5.81384413165467,3.573020288384284,5.661055270367423,-10.086727122643946,-7.639736744738999,-0.7273722876566037,3.6474185016404794,1.89991784776606,1.7239416614651708
-3.9258445213264466,-4.541235373564564,-2.086248550263246,-2.715987625340857,-0.5776294290871228,-3.317383237387634,-0.4932907226620079,3.0871036966656744,5.751264075451543,2.744495939370298
-2.9051623009133,-3.261347656823355,0.29223146065634376,4.338182978837241,-5.137461357392718,-5.370703053120176,0.07434515526531171,0.7233154414891497,4.553885371752744,1.7283142864550523
-4.462520477780285,-2.9134424005964727,-0.8357530530339546,-2.6224383915847658,1.0588242080648778,-4.733693044520535,0.7843178324550372,5.173608937436231,8.010201000146873,0.2327157580172035
1.4867385912277866,-4.16892832421076,4.26107912419358,5.289167156954065,-9.772948148744584,-7.254857331992322,-0.13267976567587456,2.985683800110177,1.491381786118019,0.35048026096125207
-2.2622940219999363,-1.1753712141802146,2.2645005521452046,0.9341103793986363,-7.9991679434950544,-4.71953032663971,0.7493303841528851,0.28715134616505894,2.0608591014559767,-2.0282298229650744
-6.773216704029406,-2.9509006698811726,-4.562939366717315,-0.8306520557058988,3.423916019449502,-2.516925124813161,-1.079645025513802,0.43085648432745294,6.142512614516908,4.052705853515209
-0.9332278338918837,-1.8898736600608914,1.006727978271277,1.786828996415697,-3.036971769311684,-4.661523991182405,-1.317400669020801,2.0450004682721685,0.1838401505483227,0.3346893276655745
-4.069378305272921,-0.4252886279219253,-0.5835525229973266,0.06909518161727063,1.5532466621456706,-4.169941515097562,-0.2903750669052524,2.770180562851249,3.515875907436344,-0.42677450003579664
-6.63708891672805,-1.6593180332989168,-3.786645243399599,-2.842273167455877,0.6296822406962819,-1.858705911923785,-0.1539944728648846,0.056388153485400994,5.323997604341798,1.7666731245531757
-2.4165515088463856,-4.844685525002714,0.531965163743099,0.20939946360044878,-3.3208332484800573,-5.386633858451736,0.32422329979493686,3.6597176042296127,6.792908075432451,1.1277853026401838
-4.827871577823201,-1.8414412342009974,-0.916323310328927,-1.3691645069343437,-2.4306932083263617,-3.430007963195706,0.4271185160709675,0.9209730583085896,4.29454863823606,0.5340338264621911
-4.153167000408088,-5.598290945054855,-1.526373247188292,1.202070728506425,1.458259822372084,-6.0080867029568905,0.09024379821336224,5.500525986079874,10.275043330287817,2.684307131405585
-6.448401047729096,-3.8949145437522454,-4.5977757801256445,-2.613525537597898,1.59318086606446,-2.1378768985893184,-1.7324520645288348,-0.1974296931829118,6.009442184938926,4.68596650437155
-5.508845672709256,-7.563830697272719,-2.8392188175335007,-2.125818026899734,-4.453577111129062,-3.7496590873177738,0.2632527688209762,1.572516962176317,10.401222846396916,3.854203320453786
-3.2326658014539937,1.45353940312875,0.775535451307574,-1.4374674525560227,-3.2418231894566536,-2.9005325284579526,0.04996695532451577,0.02955186125333384,-1.0753940592008373,-2.0617276459068923
-4.412004141061642,-3.1142914418707557,-1.4165961985839268,1.1842600389779192,-3.9687666897219143,-4.013065141064269,-0.3427194648953009,-0.03315659712640019,4.547608614562086,2.3529905714836996
-0.4255193259523856,-4.876315686167407,0.9879674944941385,6.016978978841651,-5.755268523931381,-5.896909913501495,-1.4228844930531552,1.5645173540959396,2.743809501395142,3.5487443218448664
-2.924659055276291,-2.802487763366407,0.24055143892425412,2.8102281896791377,-4.998119223326543,-5.064661713945037,0.38578570513346366,0.6357687630762769,4.078018706658059,1.026472981880706
-0.8362151553163477,-4.651275366782865,1.6893836150034471,3.009811592920671,-0.7649171940829089,-7.091420374978824,-0.3851873044600077,6.027273051402314,6.133861587489011,1.5161685524205382
1.4978566725446063,-8.369813580277809,3.073501784245314,6.487668207818114,-6.708194858223358,-9.210486442574938,-0.7031894680365678,6.620315330971276,7.4977340606969305,3.3658222521754575
-1.7817967673081032,-4.565242426528383,-0.1243232784145779,3.094112161625672,-4.836982950170681,-5.359147215531175,-0.5459236150343283,1.4603271366554786,4.828368544242042,2.4141910020988075
-6.1087050676526395,-4.24956896524543,-4.069225297236692,-2.924163910467926,0.8415034740212212,-2.592128734156954,-0.46557238500101605,1.1816775814129308,7.425327352801615,3.0704707700187246
-2.3507976498135146,-5.905355166935324,-0.5319817920262145,0.7557722629722301,-4.594051669200982,-4.5709845157873055,-0.7331376070351538,1.7458161590602022,5.287092506714544,3.603381245407897
-6.076572463942622,-0.970957337552425,-1.6932986181273308,-3.8036610192112534,-3.7468224100552736,-1.781928582816488,0.6905995969103349,-1.2837024509018646,4.166861498041006,-0.1670258748306398
-2.891943207413825,-1.6613698609048961,-0.8991325781995256,-1.5980553999642972,0.8544359366726668,-3.664116861278234,-1.099050547918832,3.457380579049654,2.443711048307744,0.8329991640058976
-0.9461536873656327,-1.289889891214491,2.133654893743368,1.7648025092727928,-4.562068097739723,-5.537593001550247,-0.003933069236861986,2.711014668544216,0.8552658484409508,-0.7025563598715316
-0.7979641985663934,-4.2242397172184205,1.8471933918593464,0.8599742886465307,-6.887352053048942,-5.1964380951542655,-0.024333241833564223,2.40523258005925,3.3186403398224504,0.43703893338957284
-3.8689305905966607,-0.3374685329223043,0.3656316095128983,1.4219830239468962,-5.266382296137396,-4.2841855047248485,-0.003523167420089013,-0.33713465912476026,1.424302039238552,-0.3503184190376236
-3.6204042960796876,-2.0259866954991548,-0.4210322767884202,-0.007117744113996238,0.4922318074575074,-4.418499332258722,-0.2973862065847154,3.543163608396517,4.442945745874584,0.8997718272617462
-3.1638047443895787,-4.7012656123303636,-0.260150940732288,2.7918831264989343,-5.122162313516821,-5.38402653056626,-0.21006832042290774,0.7770333366861923,5.609984868289693,2.5620887883438876
-4.224858621269158,-1.6248571707677737,-0.43629345863968105,0.7479011045971846,-7.134355797650852,-4.202827438556715,0.6895072129366608,-0.7547577788793162,3.6144474101649946,0.0815884828044971
-4.035135911765254,-1.684146737201719,-0.6545209034146158,-1.7471606180259862,-1.1655928846520296,-3.795244210197072,-0.20393308831897505,1.9941153258657838,3.888568897684115,-0.2541045184293556
-6.885586691533171,-3.7874643476717624,-4.245501228802443,-0.7600023509511249,-2.9430474063245105,-2.109642336071026,-0.5777440566227114,-2.9466983711616,5.214212015140403,4.32217425967102
0.17706977847296718,-0.6537625014714459,2.659309070419918,-0.17785215724043024,-2.3470437115324163,-5.055500046515841,-0.9171285992514077,4.175825515716485,-0.8332457601331316,-1.54288942876824
-2.073988816590173,-3.0704433250296512,1.5476159284432365,2.168099644915814,-4.654201795002866,-5.957251423642205,0.7853670971279615,3.9946427321512976,5.238436703999534,-0.1603018588962555
-2.7744581165284288,-4.0370759574286605,-1.173599078323748,0.6932043026741648,-2.2182709181402123,-3.896644402134712,-1.1438389408270893,0.6860764929069143,3.9846765192383624,2.7586643634010564
-4.947656815466174,-4.249611293421048,-1.8106066532605205,0.5668186246091632,-3.7496158507740533,-3.566624074963228,0.20473734562209997,0.6430176780964503,6.327625782078132,2.7028217983516347
-7.257447901864886,-3.1499705804174036,-3.3876733458194543,-3.124988892330007,4.101584576947489,-4.131733605855273,0.8658139430219586,3.8425496259305265,10.831555441777311,1.9647314500621311
-4.002102704192026,-2.19148962972366,-1.6268819863822104,0.6888927812311478,-0.41691124587549067,-4.145767760954873,-1.0132146980548074,1.6449492495549403,4.33613202603156,1.5925026248825966
-3.7536784026265213,-3.0382016603085487,-0.6493126831465694,1.1963196470914208,-5.218450033184599,-4.875440439596286,0.892072261232879,0.9623934667492394,5.617140794900997,0.8425562414763387
-2.335949239202257,-3.8752314323861734,0.8940829427434419,3.0046262019657086,-2.0910796565648404,-6.837464888010457,-0.19915130830557248,4.482045056741359,6.375723310180573,1.2849123254410226
-2.1683495167187448,-4.629119546496966,0.20207046584221663,2.8530360504561654,-2.179474390222869,-6.236496130008954,-0.1891718187667109,3.965240114853741,6.0609337592857555,2.176756883531561
-0.8534814371205173,-5.121462215550384,0.38743809676938207,2.0756192138589546,-2.1133843582386125,-6.07185778299071,-1.2259578071167956,4.746060632923214,4.4821522399015485,3.4061674176958743
-5.048535655491771,-3.341459603637104,-2.2743885785763167,-1.5021941960894647,-0.15031055560771928,-4.100662793307657,0.5097357907444322,2.4922539519919393,7.062150403248786,1.296361659359693
-1.547620358324544,-0.407304542042273,1.3877209032690947,-2.228949638086242,-4.460144993217783,-3.704376691414547,0.0014062618020595288,1.3115298033652105,-0.17208263954183067,-1.855341413000883
-6.836312283096477,-2.2630905541603994,-3.734475266637811,-3.652645863516959,0.5457782209409114,-2.0894252145193373,0.058812983175493896,0.3391449048885773,5.752594951873022,1.1700740716496218
2.3101574396819156,-4.674063709575249,5.117526746229842,6.763730968405319,-12.849523546590733,-8.328949651351186,0.3183758869988782,2.9939434061857346,2.2991277099804885,0.1321675897038428
-0.28356121118053124,-6.1218080935251535,1.295951401958945,5.319838590230048,-5.506970880367953,-6.968432400106049,-0.33773713788950166,3.4161187381699043,5.493453899419971,2.936433884988175
-4.106963783226097,-2.097811484512962,-0.9362977588447707,-1.059498458251894,-3.735894743086511,-3.228316834230899,-0.46224198598170774,-0.33028204268804606,2.023322296198353,0.8907454273319783
-0.9119623052934841,-3.0745732301098205,1.6378151546068414,1.689867789845054,-8.301513975735071,-5.070902264708586,-0.18521884030494773,0.875073730021801,1.1008668344648542,0.2563010332993686
0.735692878366184,-5.605885977964283,2.424710611495303,6.064415448080745,-5.032707040310732,-7.815332851263175,-0.6155692917819529,4.533569070266536,5.597975826786014,2.7625158622929353
-1.5525928362021013,-2.9862940501967734,1.3783727867406408,1.7414673707992896,-4.844692444029224,-5.127935904761737,-0.4067874992802387,2.2894559307877147,2.7960033821863766,0.5151179210147229
-5.000362595395847,-0.7019129752131112,-1.3263211110637751,-3.1059470422516973,1.6562050368821084,-3.116327252197224,-0.8665920386876929,1.8979983476713316,2.266356419966167,0.17013931753465517
-6.2663776350068,-3.374341770596846,-4.505723784410272,-3.139295018354319,2.647426419551547,-1.8227947771144926,-1.3014939833459822,0.8449108810423258,4.793932969508537,3.557034475325445
-2.6648477940366173,-0.7991697979432305,-0.08843382306973618,-0.685037881805107,-3.0746304204723383,-3.9119034845459,-0.768998451464246,0.8185357672602703,0.6392529268690659,-0.4677492947232302
-0.6361957644749681,-4.483533306184972,1.9581501156807666,4.7444595859123755,-7.251216446450519,-6.8694657407020125,0.0537892401418367,2.656039942902023,4.29239680070729,1.4504544064281404
